Total Trading Days,mean,std,median,skewness,kurtosis,min,max,jb_stat,jb_pvalue,return_value,z_score,percentile_rank,percentile_1,percentile_5,percentile_25,percentile_50,percentile_75,percentile_95,percentile_99
6355,0.0003559836765476781,0.012301556018553761,0.000668928611971431,0.05261689537321904,12.001067609986208,-0.10942354787209707,0.1451983511808097,38073.74742695011,0.0,0.10501934425982218,8.508139980455846,99.96852871754524,-0.03428717561369062,-0.01920395884667182,-0.004695178232442199,0.000668928611971431,0.005996040377264422,0.017305337250442622,0.033530656696949164
