Total Trading Days,mean,std,median,skewness,kurtosis,min,max,jb_stat,jb_pvalue,return_value,z_score,percentile_rank,percentile_1,percentile_5,percentile_25,percentile_50,percentile_75,percentile_95,percentile_99
6339,0.0057873872089739915,0.04306112704008485,0.011643192547449166,-0.9280890440667409,4.833276879255651,-0.28817346629967133,0.25184986451477553,7067.552492093047,0.0,-0.029762130282991683,-0.8255593834985612,16.217068938318345,-0.1255317742674153,-0.06865681820089287,-0.015164883412501107,0.011643192547449166,0.03039012790472051,0.062267027391442145,0.10114769193653707
