Total Trading Days,mean,std,median,skewness,kurtosis,min,max,jb_stat,jb_pvalue,return_value,z_score,percentile_rank,percentile_1,percentile_5,percentile_25,percentile_50,percentile_75,percentile_95,percentile_99
6355,0.0003559836588106188,0.012301555429264185,0.0006693174675962421,0.05261194548573993,12.000971714768994,-0.10942365092691297,0.14519721903989868,38073.13841598062,0.0,0.10501934425982218,8.508140389468778,99.96852871754524,-0.034287385486896985,-0.019203643842517836,-0.0046951388697610286,0.0006693174675962421,0.005996046084717599,0.017305440584463164,0.0335303675973916
